{
  "tag": "edge-features-2026-06-02.csv",
  "total_rows": 1839,
  "trainable": 1836,
  "grayzone_heldout": 3,
  "regimes": {
    "en-en": {
      "n": 1186,
      "positives": 815,
      "negatives": 371,
      "metrics": {
        "n": 1186,
        "positives": 815,
        "negatives": 371,
        "low_threshold": 0.03542796247566439,
        "high_threshold": 0.7891660642431492,
        "gray_fraction": 0.5404721753794266,
        "gray_count": 641,
        "same_band_precision": 0.9501845018450185,
        "diff_band_precision": 1,
        "same_source_neg": 77,
        "same_source_false_merge": 11,
        "same_source_false_merge_rate": 0.14285714285714285
      },
      "weights": {
        "trgm_subject": 0.7167702566624561,
        "trgm_title": 0.29812470224904836,
        "shared_actors": -0.15674546855548663,
        "shared_speakers": 0,
        "shared_locations": -0.3991735630311565,
        "shared_primary_loc": 0.7733216190450496,
        "idf_loc_score": 0,
        "canonical_url_match": 0.3494526202011117,
        "event_date_match": 0.3924296254975542,
        "length_ratio": -0.11509615862988234,
        "time_diff_hours": -0.2870550392223296,
        "same_source": -1.0310856558513057,
        "shared_numbers": 0.5306560261589038
      },
      "intercept": 1.4013624017271646,
      "scaler": {
        "mean": {
          "trgm_subject": 0.28531988766357513,
          "trgm_title": 0.25548778728912297,
          "shared_actors": 0.551433389544688,
          "shared_speakers": 0,
          "shared_locations": 0.3220910623946037,
          "shared_primary_loc": 0.28836424957841483,
          "idf_loc_score": 0,
          "canonical_url_match": 0.021922428330522766,
          "event_date_match": 0.4730185497470489,
          "length_ratio": 5.051264755480613,
          "time_diff_hours": 23.356239460370954,
          "same_source": 0.10286677908937605,
          "shared_numbers": 1.0472175379426645
        },
        "std": {
          "trgm_subject": 0.21846044962224442,
          "trgm_title": 0.2444637699873584,
          "shared_actors": 0.9627823662106317,
          "shared_speakers": 1,
          "shared_locations": 0.7070836562495917,
          "shared_primary_loc": 0.4530014449684389,
          "idf_loc_score": 1,
          "canonical_url_match": 0.14643030924851616,
          "event_date_match": 0.49927147058713905,
          "length_ratio": 26.498918542043594,
          "time_diff_hours": 26.530760390608325,
          "same_source": 0.3037848002273185,
          "shared_numbers": 1.719679716904072
        }
      }
    },
    "en-indic": {
      "n": 221,
      "positives": 117,
      "negatives": 104,
      "metrics": {
        "n": 221,
        "positives": 117,
        "negatives": 104,
        "low_threshold": 0.22806279438024896,
        "high_threshold": 0.5298621639624395,
        "gray_fraction": 0.07692307692307693,
        "gray_count": 17,
        "same_band_precision": 0.954954954954955,
        "diff_band_precision": 0.956989247311828,
        "same_source_neg": 1,
        "same_source_false_merge": 0,
        "same_source_false_merge_rate": 0
      },
      "weights": {
        "trgm_subject": 2.9989978056215905,
        "trgm_title": 2.116630695585953,
        "shared_actors": -0.20342559544691333,
        "shared_speakers": 0,
        "shared_locations": 0.5543769080777132,
        "shared_primary_loc": 0.599104212937887,
        "idf_loc_score": 0,
        "canonical_url_match": 0,
        "event_date_match": -0.37347651828233475,
        "length_ratio": 0.8165020013187353,
        "time_diff_hours": -1.0104034451959116,
        "same_source": -0.33514272958093017,
        "shared_numbers": 2.5336583652107274
      },
      "intercept": 2.2822130429095724,
      "scaler": {
        "mean": {
          "trgm_subject": 0.20480325290950221,
          "trgm_title": 0.04633978691945699,
          "shared_actors": 0.2398190045248869,
          "shared_speakers": 0,
          "shared_locations": 0.2669683257918552,
          "shared_primary_loc": 0.2398190045248869,
          "idf_loc_score": 0,
          "canonical_url_match": 0,
          "event_date_match": 0.3665158371040724,
          "length_ratio": 5.165158371040727,
          "time_diff_hours": 28.69049773755657,
          "same_source": 0.00904977375565611,
          "shared_numbers": 1.1809954751131222
        },
        "std": {
          "trgm_subject": 0.1773668324653441,
          "trgm_title": 0.10328205533710759,
          "shared_actors": 0.5797861704453922,
          "shared_speakers": 1,
          "shared_locations": 0.5912211030248359,
          "shared_primary_loc": 0.42697289093521956,
          "idf_loc_score": 1,
          "canonical_url_match": 1,
          "event_date_match": 0.4818526520171634,
          "length_ratio": 12.746565808367581,
          "time_diff_hours": 26.10807073819912,
          "same_source": 0.09469886668079809,
          "shared_numbers": 1.908258049317477
        }
      }
    },
    "en-other": {
      "n": 266,
      "positives": 249,
      "negatives": 17,
      "metrics": {
        "n": 266,
        "positives": 249,
        "negatives": 17,
        "low_threshold": 0.19798306996280518,
        "high_threshold": 0.7619913290880418,
        "gray_fraction": 0.08646616541353383,
        "gray_count": 23,
        "same_band_precision": 0.9506172839506173,
        "diff_band_precision": null,
        "same_source_neg": 4,
        "same_source_false_merge": 3,
        "same_source_false_merge_rate": 0.75
      },
      "weights": {
        "trgm_subject": 1.9029736034998708,
        "trgm_title": -0.09408740591128625,
        "shared_actors": 0,
        "shared_speakers": 0,
        "shared_locations": 0,
        "shared_primary_loc": -0.1020466331423235,
        "idf_loc_score": 0,
        "canonical_url_match": 0.2606276868781442,
        "event_date_match": -0.014580314304537215,
        "length_ratio": -0.006329489757613614,
        "time_diff_hours": 0.7051610242792302,
        "same_source": -0.698915623886252,
        "shared_numbers": -0.33805847329584104
      },
      "intercept": 3.883102211241588,
      "scaler": {
        "mean": {
          "trgm_subject": 0.3227826625112784,
          "trgm_title": 0.2305060647368419,
          "shared_actors": 0,
          "shared_speakers": 0,
          "shared_locations": 0,
          "shared_primary_loc": 0.31954887218045114,
          "idf_loc_score": 0,
          "canonical_url_match": 0.0037593984962406013,
          "event_date_match": 0.41353383458646614,
          "length_ratio": 2.296616541353386,
          "time_diff_hours": 23.349624060150383,
          "same_source": 0.08646616541353383,
          "shared_numbers": 1.3984962406015038
        },
        "std": {
          "trgm_subject": 0.15549058224036225,
          "trgm_title": 0.16140319540006026,
          "shared_actors": 1,
          "shared_speakers": 1,
          "shared_locations": 1,
          "shared_primary_loc": 0.46630182335977843,
          "idf_loc_score": 1,
          "canonical_url_match": 0.061198573669547895,
          "event_date_match": 0.49246685394925893,
          "length_ratio": 2.3582736731815306,
          "time_diff_hours": 21.780149353797064,
          "same_source": 0.2810511833318145,
          "shared_numbers": 1.6403733740758026
        }
      },
      "positiveOnlyViolations": [
        {
          "feature": "shared_numbers",
          "weight": -0.33805847329584104
        }
      ]
    },
    "indic-indic": {
      "n": 46,
      "positives": 27,
      "negatives": 19,
      "metrics": {
        "n": 46,
        "positives": 27,
        "negatives": 19,
        "low_threshold": 0.48649252436798696,
        "high_threshold": 0.48649252436798696,
        "gray_fraction": 0,
        "gray_count": 0,
        "same_band_precision": 0.9642857142857143,
        "diff_band_precision": 1,
        "same_source_neg": 13,
        "same_source_false_merge": 1,