{
  "V0": {
    "def": "translated,noTitle,512",
    "clean": {
      "p20": 0.7773006134969325,
      "r20": 0.1389902092532156,
      "r40": 0.24751117571236597,
      "rTight": 0.8494983277591973,
      "tightEvents": 6,
      "tightPairs": 598,
      "xling20": 0.07959420289855072,
      "xlingPairs": 17250,
      "pollution": 0.03496932515337423,
      "pairs": 72926,
      "queries": 652
    },
    "all": {
      "p20": 0.8089728793998846,
      "r20": 0.06299936189526095,
      "r40": 0.11906944556786828,
      "rTight": 0.85,
      "tightEvents": 7,
      "tightPairs": 600,
      "xling20": 0.0595732530370678,
      "xlingPairs": 38524,
      "pollution": 0.027062896710905945,
      "pairs": 445068,
      "queries": 1733
    }
  },
  "V1": {
    "def": "original,title,512",
    "clean": {
      "p20": 0.7167944785276074,
      "r20": 0.12817102268052546,
      "r40": 0.22773770671639745,
      "rTight": 0.6137123745819398,
      "tightEvents": 6,
      "tightPairs": 598,
      "xling20": 0.06684057971014493,
      "xlingPairs": 17250,
      "pollution": 0.09516871165644172,
      "pairs": 72926,
      "queries": 652
    },
    "all": {
      "p20": 0.7645124062319677,
      "r20": 0.05953696963160685,
      "r40": 0.11262323959484843,
      "rTight": 0.615,
      "tightEvents": 7,
      "tightPairs": 600,
      "xling20": 0.04127297269234763,
      "xlingPairs": 38524,
      "pollution": 0.07642815926139643,
      "pairs": 445068,
      "queries": 1733
    }
  },
  "V2": {
    "def": "original,title,1024",
    "clean": {
      "p20": 0.7075153374233129,
      "r20": 0.12651180648876945,
      "r40": 0.22044264048487508,
      "rTight": 0.5535117056856187,
      "tightEvents": 6,
      "tightPairs": 598,
      "xling20": 0.05710144927536232,
      "xlingPairs": 17250,
      "pollution": 0.10874233128834355,
      "pairs": 72926,
      "queries": 652
    },
    "all": {
      "p20": 0.7648874783612233,
      "r20": 0.05956617865135215,
      "r40": 0.11183234921405269,
      "rTight": 0.555,
      "tightEvents": 7,
      "tightPairs": 600,
      "xling20": 0.034368186065829094,
      "xlingPairs": 38524,
      "pollution": 0.08381419503750721,
      "pairs": 445068,
      "queries": 1733
    }
  },
  "V3": {
    "def": "original,title,2000",
    "clean": {
      "p20": 0.7079754601226994,
      "r20": 0.12659408167183173,
      "r40": 0.21850917368291145,
      "rTight": 0.49665551839464883,
      "tightEvents": 6,
      "tightPairs": 598,
      "xling20": 0.05344927536231884,
      "xlingPairs": 17250,
      "pollution": 0.1067484662576687,
      "pairs": 72926,
      "queries": 652
    },
    "all": {
      "p20": 0.7662146566647432,
      "r20": 0.05966953364429705,
      "r40": 0.11181662128034368,
      "rTight": 0.49666666666666665,
      "tightEvents": 7,
      "tightPairs": 600,
      "xling20": 0.03130516041947877,
      "xlingPairs": 38524,
      "pollution": 0.08315060588574726,
      "pairs": 445068,
      "queries": 1733
    }
  },
  "V4": {
    "def": "translated,title,1024",
    "clean": {
      "p20": 0.811579754601227,
      "r20": 0.14511971039135563,
      "r40": 0.25680827139840384,
      "rTight": 0.8478260869565217,
      "tightEvents": 6,
      "tightPairs": 598,
      "xling20": 0.06991304347826087,
      "xlingPairs": 17250,
      "pollution": 0.02469325153374233,
      "pairs": 72926,
      "queries": 652
    },
    "all": {
      "p20": 0.8450086555106752,
      "r20": 0.0658056746384822,
      "r40": 0.12470004583569252,
      "rTight": 0.8483333333333334,
      "tightEvents": 7,
      "tightPairs": 600,
      "xling20": 0.052512719343785694,
      "xlingPairs": 38524,
      "pollution": 0.018667051356030005,
      "pairs": 445068,
      "queries": 1733
    }
  }
}